{
  "id": "33",
  "name": "Receive updates for support in Zendesk",
  "nodes": [
    {
      "name": "Zendesk Trigger",
      "type": "n8n-nodes-base.zendeskTrigger",
      "position": [
        690,
        300
      ],
      "webhookId": "7d01a119-83c7-43b7-8668-a2f26b95d225",
      "parameters": {
        "options": {},
        "conditions": {
          "all": [
            {}
          ]
        }
      },
      "credentials": {
        "zendeskApi": "zendesk-token"
      },
      "typeVersion": 1
    }
  ],
  "active": false,
  "settings": {},
  "connections": {}
}