{
  "id": "8",
  "name": "Sample Spotify",
  "nodes": [
    {
      "name": "On clicking 'execute'",
      "type": "n8n-nodes-base.manualTrigger",
      "position": [
        500,
        310
      ],
      "parameters": {},
      "typeVersion": 1
    },
    {
      "name": "Spotify",
      "type": "n8n-nodes-base.spotify",
      "position": [
        780,
        310
      ],
      "parameters": {
        "id": "spotify:track:6SPOM20nWbQSBvTwzgIzqg"
      },
      "credentials": {
        "spotifyOAuth2Api": "spotifyOAuth2"
      },
      "typeVersion": 1
    }
  ],
  "active": false,
  "settings": {},
  "connections": {
    "On clicking 'execute'": {
      "main": [
        [
          {
            "node": "Spotify",
            "type": "main",
            "index": 0
          }
        ]
      ]
    }
  }
}